Question,Op1,Op2,Op3,Answer,Difficuly Level
Είστε κατώτερος υπάλληλος σε μια εταιρεία που προσφέρει υπηρεσίες πληροφορικής και συμβουλευτικές υπηρεσίες. Η μονάδα σας πρόκειται να κλείσει μια νέα συμφωνία αλλά στο τέλος κάτι πάει στραβά. Τι θα γίνει στη συνέχεια;,Εσείς ή κάποιος άλλος κάνετε ένα λάθος στη δουλειά κοστίζοντας χρήματα στην επιχείρηση. Αλλά είστε σίγουροι ότι ένας διευθυντής θα επανεξετάσει και θα συζητήσει το λάθος μαζί σας ή με τον υπάλληλο που έκανε το λάθος: ο στόχος είναι να κατανοήσετε τι πήγε στραβά και να μάθετε πώς να ξεπεράσετε αυτά τα ζητήματα όλοι μαζί.,Κάνατε ένα σημαντικό λάθος στη δουλειά. Αλλά ας είμαστε χαλαροί: τίποτα δεν θα συμβεί η εταιρεία θα ανακάμψει αργά ή γρήγορα. Όλοι κάνουν λάθη και μπορεί απλά να συμβεί.,Απλώς κάνατε ένα λάθος στη δουλειά που θα κάνει την εταιρεία να χάσει χρήματα. Είστε βέβαιοι ότι θα λάβετε μια επίσημη προειδοποίηση γιατί αν και όλοι κάνουν λάθη είναι σωστό για τους υπαλλήλους όταν αποτυγχάνουν στην εργασία τους: ο καθένας υποτίθεται ότι αναλαμβάνει την ευθύνη για τον εαυτό του.,0,2
Είστε τεχνικός σύμβουλος όχι πολύ έμπειρος ακόμα. Παρόλο που μιλάτε συνεχώς με τους πελάτες της εταιρείας σας δεν έχετε αναλάβει ποτέ καμία συμφωνία. Τι θα συμβεί αν δεν υπάρχει κανένας άλλος;,Ένας τακτικός πελάτης της εταιρείας σας ζητά έκπτωση. Αλλά είστε αρχάριος και δεν υπάρχει κανένας άλλος διαθέσιμος. Ο πελάτης σας θα αναζητήσει την ίδια υπηρεσία αλλού ρωτώντας έναν ανταγωνιστή σας. Γνωρίζετε ότι οι κατώτεροι υπάλληλοι υποτίθεται ότι αναλαμβάνουν την ευθύνη. Έτσι εγκρίνετε γρήγορα την έκπτωση και κοινοποιείτε την απόφαση στους διευθυντές σας αργότερα με την πεποίθηση ότι θα εκτιμήσουν την αυξανόμενη ανεξαρτησία σας στην εταιρεία.,Ένας τακτικός πελάτης της εταιρείας σας ζητά έκπτωση. Εσείς όμως είστε μόνος και κατώτερος υπάλληλος δεν υπάρχει κανένας άλλος. Ξέρετε τι θα αναζητήσει ο πελάτης σας για την ίδια υπηρεσία αλλού ρωτώντας έναν ανταγωνιστή σας. Εσείς – πολύ νευρικά – εγκρίνετε την έκπτωση για να κερδίσετε τους ανταγωνιστές σας κάνοντας τον τακτικό σας πελάτη ευχαριστημένο. Απλώς ελπίζετε ότι οι διευθυντές σας δεν θα είναι θυμωμένοι μαζί σας.,Ένας τακτικός πελάτης της εταιρείας σας ζητά έκπτωση. Εσείς όμως είστε μόνος και κατώτερος υπάλληλος δεν υπάρχει κανένας άλλος. Ξέρετε τι θα αναζητήσει ο πελάτης σας για την ίδια υπηρεσία αλλού ρωτώντας έναν ανταγωνιστή σας. Ωστόσο είναι καλύτερα αν απλώς αναβάλλετε τον πελάτη έως ότου επιστρέψει ο διευθυντής σας δεν υποτίθεται ότι είστε ακόμη υπεύθυνος λήψης αποφάσεων.,0,1
Μετά το πτυχίο σας ή ακόμα και πριν λίγο μετά το απολυτήριο ξεκινήσατε να εργάζεστε. Απολαμβάνετε την νεοαποκτηθείσα ανεξαρτησία σας και είστε σίγουροι ότι αναπτύσσετε ικανότητες απευθείας στο γήπεδο. Παρ 'όλα αυτά...,Καταφέρατε να βρείτε μια πολύ καλή δουλειά που σας αρέσει. Αλλά εξακολουθείτε να μετανιώνετε: θέλετε πραγματικά να παρακολουθήσετε μαθήματα για να πάρετε ένα πλήρες πτυχίο. Τα χρήματα είναι περιορισμένα δεν υπάρχει πολύς ελεύθερος χρόνος. Πιστεύετε ότι η εξισορρόπηση των πραγμάτων είναι το κλειδί: γνωρίζετε ότι στις μέρες μας υπάρχουν πολλές εκπαιδευτικές ευκαιρίες σε διάφορες μορφές συμπεριλαμβανομένων μικτών και διαδικτυακών μορφών. Πριν επενδύσετε χρήματα και θυσιάσετε αυτό που σας κάνει ευτυχισμένο μετά τη σκληρή δουλειά σας θα διερευνήσετε ποιο είναι το καλύτερο εκπαιδευτικό μοντέλο για εσάς.,Καταφέρατε να βρείτε μια πολύ καλή δουλειά που σας αρέσει. Αλλά εξακολουθείτε να μετανιώνετε: θέλετε πραγματικά να παρακολουθήσετε μαθήματα να συνεχίσετε την εκπαίδευσή σας για να πάρετε ένα πλήρες πτυχίο. Τα χρήματα είναι περιορισμένα δεν υπάρχει πολύς ελεύθερος χρόνος. Αλλά θυσιάζοντας τα χόμπι τους φίλους και την οικογένειά σας τα χρήματα είναι τελικά αρκετά. Θέλετε πραγματικά να επενδύσετε στον εαυτό σας και στις ικανότητές σας.,Καταφέρατε να βρείτε μια πολύ καλή δουλειά που σας αρέσει. Αλλά εξακολουθείτε να μετανιώνετε: θέλετε πραγματικά να παρακολουθήσετε μαθήματα να συνεχίσετε την εκπαίδευσή σας για να πάρετε ένα πλήρες πτυχίο. Αλλά τα χρήματα είναι περιορισμένα συνήθως είστε κουρασμένοι μετά τη δουλειά και εξακολουθείτε να θέλετε να περάσετε τον ελεύθερο χρόνο σας κάνοντας αυτό που σας αρέσει περισσότερο. Ας ξεχάσουμε το σχολείο προς το παρόν.,0,2
Η μονάδα Ανθρώπινου Δυναμικού της εταιρείας σας ασχολείται συνεχώς με την εσωτερική παρακολούθηση και επιθεωρήσεις. Έτσι γύρω στον Δεκέμβριο είναι πάντα η ώρα για σχόλια και πιθανά μπόνους. Αλλά ξέρετε ότι είναι βαθιά συνδεδεμένο με την παραγωγικότητα κάθε υπαλλήλου...,Γνωρίζετε ότι έρχονται βραβεία εργαζομένων και επίσημη αναγνώριση. Πιστεύετε ότι είναι πραγματικά αντιπαραγωγικό: απλώς θα αποθαρρύνει τους μη βραβευμένους υπαλλήλους.,Γνωρίζετε ότι έρχονται βραβεία εργαζομένων και επίσημη αναγνώριση. Αυτό είναι υπέροχο: τα ονόματα πρέπει να είναι δημόσια και έτσι η ποιότητα των βραβείων. Θα δώσει κίνητρο σε όσους δεν θα λάβουν καμία αναγνώριση και μπόνους.,Γνωρίζετε ότι έρχονται βραβεία εργαζομένων και επίσημη αναγνώριση. Αυτό είναι υπέροχο αλλά μόνο σε τριμηνιαία ή ακόμη και ετήσια βάση. Είναι υπέροχο να κάνεις μια επισκόπηση των επιδόσεων των εργαζομένων και να προσδιορίζεις και να βραβεύεις ποιος έκανε το καλύτερο αλλά ας κρατήσουμε τα ονόματα κρυφά. Δεν υπάρχει λόγος να δημιουργείται ανταγωνισμός για τα βραβεία.,0,2
Η εταιρεία σας προσφέρει υπηρεσίες στον τομέα των IT & Ψηφιακών εξελίξεων. Υπάρχουν αρκετές μονάδες αλλά η ίδια η εταιρεία δεν είναι ακριβώς «μεγάλη». Μιλώντας για καινοτομία και νέες πρακτικές πιθανώς για έναν νέο πελάτη με συγκεκριμένα αιτήματα για τα οποία δεν είστε σίγουροι...,Νομίζετε ότι είναι καιρός να αναζητήσετε καινοτόμες πρακτικές και διαδικασίες για την εταιρεία σας. Επιλέγετε λοιπόν να ρωτήσετε συμβούλους –ακόμη και εξωτερικούς– γι’ αυτό γιατί είναι αυτό για το οποίο εκπαιδεύτηκαν και σπούδασαν.,Νομίζετε ότι είναι καιρός να αναζητήσετε καινοτόμες πρακτικές και διαδικασίες για την εταιρεία σας. Αρχίζετε να παρακολουθείτε τους πελάτες και να συλλέγετε τα σχόλιά τους: τι καλύτερο από τις σκέψεις του τελικού χρήστη;,Νομίζετε ότι είναι καιρός να αναζητήσετε καινοτόμες πρακτικές και διαδικασίες για την εταιρεία σας. Στη συνέχεια προτείνετε να οργανώσετε συναντήσεις προσωπικού για να συλλέξετε τα σχόλια και τις σκέψεις των εργαζομένων.,0,2
Καθώς η εταιρεία σας δεν είναι τόσο μεγάλη ούτε τόσο μικρή καθώς και ο ανταγωνισμός με τους άμεσους ανταγωνιστές σας εσείς και ο διευθυντής σας πιστεύετε ότι όλοι πρέπει να είναι στη δουλειά για να αναπτύξετε νέα εργαλεία αποτελεσματικές στρατηγικές καινοτόμες υπηρεσίες. Ετσι...,Η εταιρεία σας πρέπει να είναι ενήμερη παρακολουθώντας τον ανταγωνισμό της. Είστε ενήμερος αλλά χάρη στους υπαλλήλους των οποίων το καθήκον είναι ειδικά να μελετούν και να ερευνούν στον τομέα της καινοτομίας και της ανταγωνιστικότητας. Είναι μια ειδική εργασία και απαιτεί συγκεκριμένες ικανότητες. Κοινή πρακτική στο ξενοδοχείο σας.,Η εταιρεία σας πρέπει να είναι ενήμερη παρακολουθώντας τον ανταγωνισμό της. Είστε σίγουρος για την ποιότητα της προσπάθειάς σας ψάχνετε συνέχεια για πληροφορίες. Εξάλλου η καινοτομία και η ανταγωνιστικότητα είναι κάτι που κάθε εργαζόμενος πρέπει να καλλιεργήσει μόνος του.,Η εταιρεία σας πρέπει να είναι ενήμερη παρακολουθώντας τον ανταγωνισμό της. Για να γίνει αυτό μερικοί υπάλληλοι ελέγχουν κάθε τόσο τι νέο υπάρχει και τους ανταγωνιστές. Πιστεύετε ότι είναι ένας καλός τρόπος για να ελέγξετε τις καινοτόμες πρακτικές χωρίς να διαθέτετε ειδικούς πόρους.,0,2
Καθημερινό σενάριο: είστε ένας μικρός ερευνητής αλλά τυχαίνει να έχετε ένα καλό δίκτυο τοπικά. Έτσι διευκολύνετε την επαφή μεταξύ των διευθυντών σας και των νέων πιθανών πελατών. Τι συμβαίνει μετά;,Χάρη στις προσωπικές σας επαφές φέρατε έναν πιθανό πελάτη στην εταιρεία σας. Πιστεύετε ότι πρέπει να συμμετάσχετε στην πρώτη συνάντηση εφόσον απαιτούνται οι συγκεκριμένες ικανότητές σας. Καμία σχέση με την ευγένεια.,Χάρη στις προσωπικές σας επαφές φέρατε έναν πιθανό πελάτη στην εταιρεία σας. Ακόμα κι αν η επαφή είναι δική σας πιστεύετε ότι μόνο οι ανώτεροι επαγγελματίες πρέπει να παρευρεθούν στην πρώτη συνάντηση όχι εσείς.,Χάρη στις προσωπικές σας επαφές φέρατε έναν πιθανό πελάτη στην εταιρεία σας. Θεωρείτε ότι πρέπει να εμπλακείτε στην πρώτη συνάντηση ακόμα κι αν είστε αρχάριος λόγω ευγένειας στον εργασιακό χώρο.,0,2
Δουλεύοντας μόνος ή ομαδικά; Μερικές φορές νιώθετε ότι μπορείτε να είστε ακόμα πιο γρήγορος για να παραδώσετε αυτό που σας ζητήθηκε αν είσασταν μόνος. Μερικές φορές δυσκολεύεστε πραγματικά επειδή αισθάνεστε ότι η μονάδα σας είναι υποστελεχωμένη. Τι συμβαίνει όταν υπάρχει μια νέα εργασία;,Κάτι νέο πλησιάζει: ένα νέο έργο προϊόν υπηρεσία. Νομίζετε ότι η ιδανική ομάδα αποτελείται από . . . έως τέσσερα άτομα ώστε να δημιουργηθεί μια μονάδα με ίση κατανομή εργασιών σύμφωνα με τις ειδικές ικανότητες των εργαζομένων.,Κάτι νέο πλησιάζει: ένα νέο έργο προϊόν υπηρεσία. Νομίζετε ότι η ιδανική ομάδα αποτελείται από . . . ακόμη και δέκα άτομα ή περισσότερα. Με εβδομαδιαία ραντεβού παρακολούθησης που μπορεί να περιλαμβάνουν ολόκληρη την εταιρεία. Όλοι πρέπει να γνωρίζουν τι συμβαίνει ακόμα και σε άλλες μονάδες.,Κάτι νέο πλησιάζει: ένα νέο έργο προϊόν υπηρεσία. Νομίζετε ότι η ιδανική ομάδα αποτελείται από . . . μόνο ένα άτομο. Είναι καλύτερα να αναθέσετε σε έναν μόνο υπάλληλο ολόκληρη την εργασία ώστε να μπορεί να έχει τον πλήρη έλεγχό της.,0,1
Καινοτομία ανακαλύψεις δραστηριότητες προσανατολισμένες στην έρευνα: τι πιστεύετε; Οι εταιρείες μπορεί να μείνουν πίσω χωρίς καινοτόμες πρακτικές...,Πιστεύετε ότι η εταιρεία σας στερείται αρκετά καινοτόμων προϊόντων και υστερεί ελαφρώς. Στη συνέχεια τα διευθυντικά στελέχη ορίζουν από μόνα τους έναν σαφή κατάλογο προτεραιοτήτων για την εταιρεία αναθέτοντας προϋπολογισμό ειδικά για την έρευνα την καινοτομία και την ανταγωνιστικότητα π.χ. προσλαμβάνοντας νέους ανθρώπους.,Πιστεύετε ότι η εταιρεία σας στερείται αρκετά καινοτόμων προϊόντων και υστερεί ελαφρώς. Ίσως οι διευθυντές θα πρέπει να αναθέσουν σε μερικούς υπαλλήλους την εργασία να αξιολογήσουν το πρόβλημα μαζί με τις προηγούμενες εργασίες τους.,Πιστεύετε ότι η εταιρεία σας στερείται αρκετά καινοτόμων προϊόντων και υστερεί ελαφρώς. Ίσως οι εργαζόμενοι να έχουν ένα hackathon μια μηνιαία στιγμή για να ελέγξουν τους ανταγωνιστές και τι είναι καινοτόμο στην αγορά.,0,2
Θυμώνετε όταν κάποιος σας ζητά να κάνετε κάτι που προφανώς δεν μπορείτε να κάνετε. Οι οπτικές ταυτότητες οι παρουσιάσεις είναι πολύ σημαντικά εργαλεία αλλά οι άνθρωποι συχνά πιστεύουν ότι είναι «εύκολα στην κατασκευή». Μια μέρα ο διευθυντής σας σας ζητά να κάνετε μια φανταχτερή παρουσίαση μιας υπηρεσίας που πρόκειται να παρουσιάσετε σε έναν νέο πελάτη...,Δεν είστε γραφίστας. Όμως πρόκειται να γίνει μια νέα ελκυστική παρουσίαση της εταιρείας. Είναι σίγουρα καλύτερο να ξοδέψετε λίγα χρήματα σε εξωτερικές υπηρεσίες επικοινωνώντας με έναν κατάλληλο γραφίστα: το προϊόν θα είναι επαναχρησιμοποιήσιμο γυαλισμένο.,Δεν είστε γραφίστας. Ωστόσο ο διευθυντής σας σας λέει να αναπτύξετε κάτι «απλό» για την εταιρεία χωρίς να χρειάζεται να επενδύσετε πολύ χρόνο σε αυτό.,Δεν είστε γραφίστας. Όμως πρόκειται να γίνει μια νέα ελκυστική παρουσίαση της εταιρείας. Και πιθανώς περισσότερα στο μέλλον μαζί με άλλα μικρά προϊόντα γραφικών κάθε τόσο. Είναι κατά τη γνώμη σας η ώρα να προσλάβετε έναν ειδικό υπάλληλο. Είναι ένα κυκλικό θέμα τελικά!,0,1
Είστε διευθυντής μιας εταιρείας που βρίσκεται σε μια μικρή πόλη η οποία προσφέρει υπηρεσίες διαμονής σε αγροτικά σπίτια και αυτός ο τομέας έχει επηρεαστεί αρνητικά από την κρίση του COVID-19. Είστε στο γραφείο σας και σκέφτεστε τι θα μπορούσατε να κάνετε για να σώσετε την επιχείρησή σας. Τι θα επιλέγατε;,Μπορώ να εκμεταλλευτώ τα δυνατά σημεία της εταιρείας μου. Δεδομένου ότι τα αγροτικά σπίτια βρίσκονται στην ύπαιθρο μπορώ να προωθήσω το ότι οι επισκέπτες θα απολαύσουν μεγάλη κοινωνική απόσταση προσφέροντας μια μικρή έκπτωση στους κατοίκους των κοντινών πόλεων και προσφέροντας τη δυνατότητα ενός τεστ COVID-19.,Μπορώ να προσφέρω έκπτωση 40% σε όλους τους ανθρώπους που μένουν στα αγροτικά σπίτια της εταιρείας μου - έτσι θα πάρω πολλά άτομα να πληρώσουν για να μείνουν. Επιπλέον μπορώ να προσφέρω περισσότερες διασκεδαστικές δραστηριότητες για να προσελκύσω περισσότερους επισκέπτες.,Το καλύτερο θα ήταν να κλείσω για λίγο την επιχείρησή μου για να μην επιβαρυνθώ με έξοδα συντήρησης καθώς δεν θα υπάρχει τρόπος να έχω πολλούς επισκέπτες υπό αυτές τις συνθήκες. Ίσως θα μπορούσα να διασφαλίσω τα μέτρα ασφαλείας για τον COVID-19 σε λίγους μήνες κάνοντας στους επισκέπτες έλεγχο για COVID-19 ώστε να αισθάνονται ασφαλείς.,0,2
Εργάζεστε στο τμήμα μάρκετινγκ μιας εταιρείας που είναι αφοσιωμένη στην κατοχύρωση τεχνολογιών με δίπλωμα ευρεσιτεχνίας που καθιστούν διαθέσιμες την ασφάλεια και τις πληροφορίες στη γεωργία. Το τμήμα σας ετοιμάζει ένα νέο σχέδιο μάρκετινγκ για τα επόμενα χρόνια και σας ζητούνται ιδέες για το πώς να προωθήσετε καλύτερα τα προϊόντα και τις υπηρεσίες της εταιρείας για να αυξήσετε τις πωλήσεις. Τι ιδέα προτείνετε;,Διερευνήστε επερχόμενες εμπορικές εκθέσεις και εκθέσεις προϊόντων αγροτικής τεχνολογίας σε τοπικό εθνικό και διεθνές επίπεδο και συμμετάσχετε προσλαμβάνοντας ένα περίπτερο για την προβολή προϊόντων σε ενδιαφερόμενες ομάδες και πιθανούς πελάτες αυξάνοντας τη δικτύωση που ενδιαφέρει τον κλάδο της εταιρείας.,Δημιουργήστε ενημερωτικά φυλλάδια για τα προϊόντα μοιράστε τα στους αγρότες της περιοχής για να ενημερωθούν και ζητήστε από τους πελάτες μας να μας συστήσουν σε άλλους αγρότες εάν είναι ικανοποιημένοι με τα προϊόντα και τις υπηρεσίες μας.,Εγγράψτε ένα σποτ βίντεο και ένα ραδιοφωνικό σποτ και επικοινωνήστε με έναν τηλεοπτικό και ραδιοφωνικό σταθμό ώστε το υλικό να εμφανίζεται πολλές φορές την ημέρα σε μια καλή χρονική περίοδο ακόμα κι αν έχει υψηλό κόστος.,0,1
Διαβάζετε σε ένα αγροτικό περιοδικό ένα άρθρο για μια εταιρεία που έχει σχεδιάσει ένα σύστημα που διαχωρίζει τα οργανικά απόβλητα και τα μετατρέπει σε ποιοτικό λίπασμα με φιλικό προς το περιβάλλον τρόπο. Σκέφτεστε τα οφέλη που θα μπορούσε να φέρει η κυκλική οικονομία στην επιχείρησή σας. Ποια είναι αυτά τα οφέλη;,Μειωμένη αγορά πρώτων υλών εξοικονόμηση κόστους αυξημένη παραγωγικότητα διεργασιών.,Αυξημένες πωλήσεις απόβλητα και παραγωγικότητα διεργασιών.,Μείωση κατανάλωσης ενέργειας άρα μείωση λογαριασμών ρεύματος και νερού.,0,2
Στην εταιρεία σας που βασίζεται στην τεχνολογία θέλετε να δημιουργήσετε μια εφαρμογή που επιτρέπει στους αγρότες να συλλέγουν και να διαχειρίζονται πληροφορίες σχετικά με τα ζώα τους. Για να γίνει αυτό πραγματοποιείτε πρώτα μια ανάλυση ελλείψεων του αγροτικού περιβάλλοντος και της ομάδας στόχου. Τι είναι αυτά;,Λιγότεροι τεχνολογικοί χρήστες από ότι στην πόλη μικρή θεσμική υποστήριξη και κακή σύνδεση στο διαδίκτυο.,Έλλειψη ζώων έλλειψη χώρου για ζώα και μικρή θεσμική υποστήριξη.,Λίγες γνώσεις για την κτηνοτροφία και τις διαδικασίες της έλλειψη εργαλείων και κακή σύνδεση στο διαδίκτυο.,0,2
Σκέφτεστε να ξεκινήσετε μια επιχείρηση και ενώ ερευνάτε τομείς στους οποίους θα μπορούσατε να εμπλακείτε ανακαλύπτετε την κοινωνική επιχειρηματικότητα. Θέλετε να μάθετε περισσότερα και συνεχίζετε την έρευνά σας. Τι είναι η κοινωνική επιχειρηματικότητα;,Κοινωνική επιχειρηματικότητα είναι όταν ο απώτερος στόχος δεν είναι η μεγιστοποίηση του οικονομικού κέρδους αλλά η δημιουργία αξίας για την κοινωνία.,Η κοινωνική επιχειρηματικότητα είναι ένας τύπος επιχείρησης που είναι ιδιαίτερα αφοσιωμένος στην αύξηση του δικτύου επαφών στην κοινωνία.,Η κοινωνική επιχειρηματικότητα είναι όταν ο απώτερος στόχος είναι η απόκτηση του μέγιστου οικονομικού οφέλους ενώ παράλληλα δημιουργείται αξία στην κοινωνία.,0,2
Η καραντίνα λόγω COVID-19 ανάγκασε το ξενοδοχείο σας να κλείσει και τώρα με την επαναλειτουργία νιώθετε την ανάγκη να υιοθετήσετε ένα νέο ασφαλέστερο μέτρο στις διαδικασίες check-in. Ποιες λύσεις σας έρχονται στο μυαλό;,Το check-in και το check-out παραδοσιακά γίνονται στη ρεσεψιόν του ξενοδοχείου ως θεμελιώδες μέρος της διαχείρισης του ξενοδοχείου. Ωστόσο πολλές φορές οι τυπικές διαδικασίες προκαλούν καθυστερήσεις και μεγάλες ουρές. Από την ανάγκη να απλοποιήσετε τη διαδικασία θεωρείτε ότι το online check-in είναι μια κοινή πρακτική στο ξενοδοχείο σας.,Σεβόμενοι τα νέα μέτρα ασφαλείας ενισχύετε τα μέτρα πρόληψης αλλά δεν αισθάνεστε την ανάγκη να απαλλαγείτε από ορισμένες χρονοβόρες διαδικασίες όπως το αυτοπροσώπως check-in.,Συνεχίζετε με το παραδοσιακό check-in καθώς το θεωρείτε ασφαλές για την προστασία των προσωπικών δεδομένων.,0,2
Μαζί με έναν φίλο σκέφτεστε να ξεκινήσετε μια επιχείρηση. Είστε και οι δύο πολύ γνώστες ηλεκτρονικών υπολογιστών αλλά έχετε ελάχιστο προϋπολογισμό για να ξεκινήσετε και σκέφτεστε να δημιουργήσετε μια εταιρεία τεχνολογίας που θα επικεντρώνεται στον σχεδιασμό και την ανάπτυξη ιστοσελίδων. Ποια είναι τα πλεονεκτήματα μιας τεχνολογικής εκκίνησης;,Οι αρχικές επενδύσεις είναι μικρότερες καθώς δεν χρειάζονται φυσικές εγκαταστάσεις ακριβά μηχανήματα ή πρώτες ύλες και μπορείτε να συνεργαστείτε με πελάτες από όλο τον κόσμο.,Κυρίως θα μπορείτε να έχετε μεγάλο αριθμό πελατών από όλο τον κόσμο αν και το κόστος εκκίνησης της εταιρείας θα είναι πολύ υψηλό.,Το κύριο πλεονέκτημα μιας εκκίνησης τεχνολογίας είναι ότι δεν εμπεριέχει ρίσκο για τον επιχειρηματία.,0,2
Έχετε ταλέντο στο να βγάζετε φωτογραφίες και πρέπει να καινοτομήσετε το πάθος σας και να δημιουργήσετε ένα νέο προϊόν στην αγορά εργασίας. Πώς θα ενεργούσατε;,Σκέφτεστε πώς να συνδυάσετε το πάθος σας για τη φωτογραφία την ψηφιακή και σε ένα εξαιρετικό επιχειρηματικό προϊόν.,Σφραγίζετε όλες τις καλύτερες φωτογραφίες σας και κολλάτε στον τοίχο της πόλης σας ως προώθηση μάρκετινγκ του ταλέντου σας.,Κρατάτε το ταλέντο σας για τον εαυτό σας. Απλώς το μοιράζεστε με την οικογένεια και τους φίλους σας.,0,1
Είστε πολύ καλοί στις γλώσσες και σας αρέσει να παίζετε και να διασκεδάζετε μαθαίνοντας μια νέα γλώσσα. Πώς θα συνδέατε αυτά τα δύο πάθη μεταξύ τους;,Σκέφτεστε σε ένα παιχνίδι -που επικεντρώνεται στα ενδιαφέροντα του παιδιού- με το οποίο τα παιδιά θα μπορούσαν να μάθουν λεξιλόγιο στο σπίτι ενώ παίζουν.,Δημιουργείτε ενημερωτικά φυλλάδια για εσάς ως δάσκαλο γλωσσών και τα διανέμετε σε συλλόγους μετά το σχολείο πολιτιστικά κέντρα δημιουργικούς κύκλους για παιδιά.,Συνεχίζετε να παίζετε παιχνίδια και να μαθαίνετε γλώσσες με παραδοσιακό τρόπο.,0,2
Είστε ψυχολόγος και με το lockdown του Covid-19 η κλινική σας έπρεπε να κλείσει αλλά οι ασθενείς σας χρειάζονται τη βοήθειά σας και τη θεραπεία. Τι λύσεις προτείνετε;,Δείχνετε ανθεκτικότητα και ξανασκέφτεστε έναν νέο τρόπο για να υποστηρίξετε τους ασθενείς σας μέσω της διαδικτυακής συμβουλευτικής. Με τη ζωντανή συνομιλία μπορείτε εύκολα και απλά να επικοινωνείτε με έναν ασθενή μέσω μηνύματος κειμένου ακόμη και όταν βρίσκεστε σε βιντεοκλήση με διαφορετικό ασθενή.,Στέλνετε e-mail σε όλους τους ασθενείς που τους καθησυχάζετε ότι όλα θα πάνε καλά και ότι σύντομα θα μπορείτε να συνεχίσετε την πρόσωπο με πρόσωπο συμβουλευτική.,Απλά καθίστε και περιμένετε να τελειώσει η πανδημία για να ανοίξετε ξανά την κλινική σας.,0,1
Θέλετε να γίνετε επιχειρηματίας και σκέφτεστε μια εξαιρετική ιδέα για μια υπηρεσία. Πιστεύετε ακράδαντα ότι θα έχει επιτυχία και είστε έτοιμοι να δημιουργήσετε μια εταιρεία που θα παρέχει αυτή την υπηρεσία. Τι κάνετε πρώτα;,Ερευνήστε την αγορά για παρόμοιες υπηρεσίες. Υπάρχουν εταιρείες που κάνουν παρόμοια υπηρεσία; Πάνε καλά; Αυτό μπορεί να υποδηλώνει ότι υπάρχει μια αγορά για αυτό και η ιδέα μπορεί να είναι βιώσιμη.,Δημιουργήστε μια εταιρεία. Το πιστεύετε τόσο πολύ που δεν θέλετε να περιμένετε.,Δημιουργήστε μια επαγγελματική ιστοσελίδα εταιρείας σχεδιάστε ένα λογότυπο και προσλάβετε έναν πωλητή. Νιώθετε επαγγελματίας!,0,2
Έχετε 15ετή εμπειρία στο HR. Έχετε βαρεθεί όμως την εταιρική ζωή και θέλετε να ξεκινήσετε κάτι νέο και συναρπαστικό. Εξακολουθείτε να θέλετε να διατηρήσετε τον τρόπο ζωής που έχετε συνηθίσει επομένως πρέπει να είναι κάτι που σας δίνει ελευθερία και χρήματα. Τι επιλέγετε;,Ξεκινήστε να κάνετε εκπαιδεύσεις και εργαστήρια για επαγγελματίες ανθρώπινου δυναμικού. Θέλετε να εκμεταλλευτείτε όλα τα πλεονεκτήματα που σας δίνει η προηγούμενη εμπειρία σας.,Παρακολουθήστε μαθήματα γιόγκα και ξεκινήστε το δικό σας στούντιο γιόγκα. Θα είστε ο κύριος του χρόνου σας!,Φύγετε για την Άπω Ανατολή για να εξερευνήσετε τον πολιτισμό και να βρείτε τον εαυτό σας και μια ιδέα για κάτι ουσιαστικό.,0,1
Έχετε ένα προϊόν μια ιστοσελίδα μια παρουσία στα μέσα κοινωνικής δικτύωσης. Γράφετε ελκυστικές αναρτήσεις προωθείτε το προϊόν σας αλλά κανείς δεν το αγοράζει. Τι κάνετε;,Μιλήστε με την ομάδα-στόχο σας. Μάθετε τι πραγματικά χρειάζονται και τι είναι έτοιμοι να πληρώσουν. Συγκρίνετε τα ευρήματά σας με το προϊόν σας - πού κάνατε λάθος;,Προσλάβετε μια διαφημιστική εταιρεία για να σας βοηθήσει να δημιουργήσετε στρατηγική επικοινωνίας και να προωθήσετε το προϊόν σας σε όλη τη χώρα.,Προσφέρετε 40% μείωση της τιμής.,0,2
Είστε έμπειρος διευθυντής με επιθυμία να αναπτυχθείτε. Ακολουθείτε προπονητική εκπαίδευση για να βοηθήσετε καλύτερα την ομάδα σας να αναπτυχθεί και να γίνετε ειδικός προπονητής. Ανακαλύπτετε ότι το να βοηθάτε τους ανθρώπους μέσω της καθοδήγησης είναι το κάλεσμά σας και σκέφτεστε να το επιδιώξετε. Αλλά το όνειρό σας είναι να χτίσετε τον κόσμο χωρίς κοινωνικά όρια όπου τα κορίτσια ενθαρρύνονται να ασχοληθούν με την επιστήμη και τα αγόρια μπορούν να είναι χορευτές μπαλέτου. Αλλά φοβάστε ότι δεν υπάρχουν πολλά χρήματα εκεί και δεν θα μπορέσετε ποτέ να διατηρήσετε τον τρόπο ζωής σας. Τι αποφασίζετε;,Αναζητάτε τη λύση και - και: πώς μπορώ να διατηρήσω τον τρόπο ζωής και να επηρεάσω τα μυαλά των νέων ταυτόχρονα; Αποφασίζετε να διαχωρίσετε το επάγγελμα από την αποστολή σας και να αφήσετε το πρώτο να χρηματοδοτήσει την τελευταία. Δημιουργείτε μια επιχείρηση καθοδήγησης για να βοηθήσετε τους διευθυντές να ευδοκιμήσουν και να δημιουργήσετε ένα μη κερδοσκοπικό πρόγραμμα για νέους.,Μετά από μακρά συζήτηση αποφασίζετε ότι δεν μπορείτε να κρυφθείτε από την κλήση σας. Παρατάτε τη δουλειά και ξεκινάτε να εργάζεστε με σχολεία ως σύμβουλος,Το σκεφτήκατε πολύ και αποφασίσατε ότι είστε πολύ μεγάλος για μια τόσο μεγάλη αλλαγή και δεν είστε έτοιμοι να ξεκινήσετε από την αρχή. Αποφασίζετε να παραμείνετε στη δουλειά σας και να κάνετε περιστασιακά προπονητικές συνεδρίες ως χόμπι.,0,2
Θέλετε να γίνετε επιχειρηματίας και κατά τη διάρκεια της έρευνας συναντάτε τον όρο της πρότασης αξίας. Θέλετε να μάθετε περισσότερα γι' αυτό κάνετε περαιτέρω έρευνα. Τι είναι αυτό?,Είναι αυτό που χρειάζονται οι πελάτες κάτι που απαλύνει τον πόνο τους ή τους δίνει ευχαρίστηση και έτσι γίνεται αντιληπτό από τους πελάτες ως αξία για την οποία είναι έτοιμοι να πληρώσουν.,Είναι ένας όρος που σημαίνει προϊόντα και υπηρεσίες που προσφέρουν οι εταιρείες στην αγορά.,Είναι μια επιχειρηματική πρακτική όπου μια εταιρεία προσθέτει κάτι στο προϊόν που αγοράζει ο πελάτης ένα δωρεάν δώρο.,0,2
Είστε αρχάριος επιχειρηματίας σε έναν τομέα της εκπαίδευσης. Κυκλοφορείτε το πρώτο σας προϊόν το οποίο είναι ένα διαδικτυακό μάθημα για την ανατροφή των παιδιών. Δεν έχετε καμία αναγνώριση ούτε την πελατειακή βάση ούτε τα κεφάλαια για να επενδύσετε. Τι θα κάνατε για να ξεκινήσετε τις πωλήσεις σας;,Οργανώστε ένα διαδικτυακό σεμινάριο για την ανατροφή των παιδιών. Δώστε λίγα χρήματα για διαφημίσεις στο facebook για την προώθηση της εκδήλωσης. Συλλέξτε τις διευθύνσεις email. Κάντε πωλήσεις στην εκδήλωση καθώς και γράψτε σε όλους τους εγγεγραμμένους.,Γράψτε εκπαιδευτικό περιεχόμενο σε μέσα κοινωνικής δικτύωσης εξειδικευμένο blog κ.λπ. Χτίστε τη φήμη σας. Πιστεύετε ότι όταν αναγνωριστείτε ως ειδικός οι πελάτες θα σας βρουν.,Πιστεύετε ακράδαντα στο προϊόν σας και ότι οι πελάτες σίγουρα θα αναγνωρίσουν την αξία του. Δημοσιεύετε στα μέσα κοινωνικής δικτύωσης πληροφορίες σχετικά με την έναρξη και το περιεχόμενο του μαθήματος και περιμένετε τους πελάτες να εισέλθουν βιαστικά.,0,2
Είστε αρχάριος επιχειρηματίας. Εκπαιδευτήκατε στο θέμα της επιχειρηματικότητας του μάρκετινγκ και των πωλήσεων. Έχετε την ιδέα για το προϊόν: διαδικτυακές συμβουλευτικές υπηρεσίες σταδιοδρομίας. Αναρωτιέστε πότε είναι η κατάλληλη στιγμή για να ξεκινήσετε να πουλάτε τις υπηρεσίες σας.,Όταν έχετε λεπτομερή περιγραφή της προσφοράς μπορείτε να την παρουσιάσετε στους πιθανούς πελάτες. Έτσι δημιουργείτε μια απλή σελίδα πωλήσεων με ένα κουμπί paypal και ξεκινάτε να μιλάτε με άτομα στον κοινωνικό σας κύκλο που μπορεί να ενδιαφέρονται. Εάν αγοράσουν αυτό θα αποδείξει ότι η ιδέα σας είναι βιώσιμη και ότι συλλέγετε τον προϋπολογισμό για πιο προηγμένες δραστηριότητες πωλήσεων.,Όταν είστε ευρέως αναγνωρισμένος ως ειδικός. Έτσι δίνετε στον εαυτό σας 6 μήνες για να αποκτήσετε ευρεία αναγνώριση από άρθρα μάρκετινγκ περιεχομένου blog podcast. Στη συνέχεια θα παρουσιάσετε την προσφορά σας.,Όταν έχετε επαγγελματική ιστοσελίδα φυλλάδια και εταιρικές κάρτες. Είναι μόνο τα βασικά αλλά απαραίτητα για να δημιουργηθεί μια εικόνα τεχνογνωσίας και ποιότητας.,0,2
Η φίλη σας είναι ένα πολύ εσωστρεφές άτομο. Δεν είναι πολύ καλός στο να μιλάει με ανθρώπους και μισεί να εργάζεται στο γραφείο. Κατά τη διάρκεια του COVID εργαζόταν από το σπίτι και ήταν πολύ χαρούμενη γι 'αυτό. Αλλά τώρα η εταιρεία αναμένει από τους εργαζόμενους να επιστρέψουν στη δουλειά στο γραφείο. Είπε ότι είναι όνειρό της να μην έχει αφεντικό και να είναι μόνη της αλλά αμφιβάλλει ότι τα καταφέρνει. Πώς πιστεύετε ότι πρέπει να προχωρήσει;,Στον απόηχο του COVID όλο και περισσότερες επιχειρήσεις μετακινήθηκαν στο διαδίκτυο. Μπορεί να σχεδιάσει την επιχείρησή της με τον τρόπο που θέλει συμπεριλαμβανομένου του να βασίζεται μόνο στη γραπτή επικοινωνία και να εργάζεται από το σπίτι. Το να είναι εσωστρεφής δεν σημαίνει ότι δεν μπορεί να είναι επιχειρηματική σημαίνει μόνο ότι πρέπει να βρει τον δρόμο της.,Πρέπει να είναι πιο ειλικρινής αυτό θα τη βοηθήσει στην επιχείρησή της. Ίσως μπορεί να παρακολουθήσει κάποια μαθήματα; Αλλά αν ήταν τόσο χαρούμενη που εργαζόταν από το σπίτι - δεν αξίζει λίγη προσπάθεια και ταλαιπωρία;,Η επιχειρηματικότητα είναι για εξωστρεφείς - πρέπει να μιλήσετε με ανθρώπους να πραγματοποιήσετε πωλήσεις να προωθήσετε την προσφορά σας. Είναι όντως για αυτήν; Είναι ωραίο να ονειρεύεται αλλά πρέπει να αντιμετωπίσει την πραγματικότητα.,0,1
Είστε ειδικός στο coaching ο οποίος παρέχει ατομικές συνεδρίες καθοδήγησης για μητέρες που θέλουν να επιστρέψουν στο εργατικό δυναμικό. Οι επιχειρήσεις πάνε τέλεια έχετε πολλούς πελάτες αλλά φαίνεται ότι εργάζεστε συνεχώς. Είστε πολύ κουρασμένος. Μερικές φορές αναρωτιέστε αν είστε στα πρόθυρα της εξάντλησης. Θέλετε να επεκτείνετε την επιχείρησή σας αλλά δεν είστε έτοιμοι να προσλάβετε άλλους ειδικούς. Ποια είναι η καλύτερη επιλογή σας;,Σταματήστε να πουλάτε το χρόνο σας για χρήματα - έχετε μόνο τόσο πολύ χρόνο για να πουλήσετε. Ξεκινήστε ομαδικό πρόγραμμα ή σε απευθείας σύνδεση μάθημα το οποίο δεν απαιτεί την παρουσία σας. Πάρτε μόνο τόσους πολλούς πελάτες 1 προς 1 που θα σας κάνουν ευτυχισμένους.,Πάρτε λιγότερους πελάτες και αφιερώστε λίγο χρόνο χαλαρώνοντας. Ξεχάστε την επέκταση.,Αύξηση τιμών. Αυτό θα ρυθμίσει την ποσότητα της εργασίας και το εισόδημα ταυτόχρονα αφήνοντάς σας λίγο ελεύθερο χρόνο για να ανακάμψετε.,0,2
Η εταιρεία σας βοηθά τους διευθυντές να αλλάξουν την επαγγελματική τους πορεία. Πρέπει να αυξήσετε τις πωλήσεις γρήγορα. Σκέφτεστε να επενδύσετε περισσότερο σε μια διαφήμιση να ξεκινήσετε μια προώθηση πωλήσεων με έκπτωση 25% ή να προσφέρετε σε προηγούμενους πελάτες κάποια νέα υπηρεσία. Ποια επιλογή θα ήταν η πιο αποτελεσματική;,Προσφέρετε στους προηγούμενους πελάτες κάποια νέα υπηρεσία. Τα άτομα που σας εμπιστεύτηκαν ήδη και ήταν ευχαριστημένα με την υπηρεσία είναι πιο πιθανό να αγοράσουν ένα νέο προϊόν ή υπηρεσία από εσάς. Το κόστος των πωλήσεων είναι το χαμηλότερο εδώ γιατί είναι ήδη πεπεισμένοι.,Διαφήμιση. Το κόστος των πωλήσεων είναι υψηλό αλλά ταυτόχρονα προσεγγίζετε πολλούς ανθρώπους που ίσως αγοράσουν στο μέλλον.,Προώθηση πωλήσεων. Η απόδοση του πελάτη θα είναι χαμηλότερη αλλά ίσως ο αυξημένος αριθμός πελατών θα το αντισταθμίσει και εν συντομία το εισόδημα θα αυξηθεί,0,1
